{
  "vol_p65": 0.023803032767735193,
  "funding_p90": 8.053300000000001e-05,
  "kimchi_p50": 0.0015997126647797127,
  "usdc_p50": 0.0007948891711674086
}