{
  "q": [
    [
      -0.10096401645418542,
      -0.10318093976448325,
      -0.09900642609316171,
      -0.1093022453495741
    ],
    [
      -0.12060920383315114,
      -0.08601693369080082,
      -0.1217382367633237,
      -0.10108076399356071
    ],
    [
      0.01,
      0.01,
      0.01,
      0.01
    ],
    [
      0.01,
      0.01,
      0.01,
      0.01
    ],
    [
      0.01,
      0.01,
      0.01,
      0.01
    ],
    [
      0.01,
      0.01,
      0.01,
      0.01
    ],
    [
      -0.07052366823875963,
      -0.025789368644094073,
      -0.02446630556029896,
      -0.07643943181251739
    ],
    [
      -0.02479099840169004,
      -0.007504047768851142,
      0.02335390241075727,
      0.0008796287107606122
    ]
  ],
  "n_visits": [
    [
      50,
      749,
      50,
      50
    ],
    [
      50,
      1488,
      50,
      50
    ],
    [
      0,
      0,
      0,
      0
    ],
    [
      0,
      0,
      0,
      0
    ],
    [
      0,
      0,
      0,
      0
    ],
    [
      0,
      0,
      0,
      0
    ],
    [
      50,
      408,
      50,
      50
    ],
    [
      50,
      555,
      50,
      50
    ]
  ],
  "n_accepts": [
    [
      50,
      749,
      50,
      50
    ],
    [
      50,
      1488,
      50,
      50
    ],
    [
      0,
      0,
      0,
      0
    ],
    [
      0,
      0,
      0,
      0
    ],
    [
      0,
      0,
      0,
      0
    ],
    [
      0,
      0,
      0,
      0
    ],
    [
      50,
      408,
      50,
      50
    ],
    [
      50,
      555,
      50,
      50
    ]
  ],
  "total_updates": 3800,
  "pretrained": true
}