{
  "pretrained_at": 1776748714,
  "pretrained_at_iso": "2026-04-21T05:18:34.374564+00:00",
  "design_version": "ALLOCATOR_RL_DESIGN v1 (F8-fix)",
  "num_states": 9,
  "num_actions": 7,
  "state_labels": [
    "calm/cold/tight",
    "calm/cold/wide",
    "calm/hot/tight",
    "calm/hot/wide",
    "hot/cold/tight",
    "hot/cold/wide",
    "hot/hot/tight",
    "hot/hot/wide",
    "cold-sentinel"
  ],
  "action_labels": [
    "ALL_V1",
    "ALL_V2",
    "ALL_V3",
    "KIMCHI_DUAL",
    "DUAL_FUND",
    "KIMCHI_FUND",
    "DIVERSIFY"
  ],
  "action_weights": [
    [
      1.0,
      0.0,
      0.0
    ],
    [
      0.0,
      1.0,
      0.0
    ],
    [
      0.0,
      0.0,
      1.0
    ],
    [
      0.5,
      0.5,
      0.0
    ],
    [
      0.0,
      0.5,
      0.5
    ],
    [
      0.5,
      0.0,
      0.5
    ],
    [
      0.3333333333333333,
      0.3333333333333333,
      0.3333333333333333
    ]
  ],
  "q_table": [
    [
      0.410593177498788,
      0.4326240397460454,
      0.5,
      0.4216086086224167,
      0.21814261424300754,
      0.2071271831193789,
      0.28229280199493434
    ],
    [
      -0.600462056929236,
      0.4120321080678034,
      0.5,
      -0.09421497443071632,
      0.2075384509081828,
      -0.2987086315903369,
      -0.06179505170429014
    ],
    [
      -0.8041837291773313,
      0.41834716863702937,
      0.05894693131427735,
      -0.19291828027015104,
      0.2386470499756534,
      -0.372618398931527,
      -0.10896320974200821
    ],
    [
      -0.7148945887511499,
      0.4071354222549487,
      0.03670320744290781,
      -0.15387958324810055,
      0.22191931484892827,
      -0.33909569065412104,
      -0.0903519863510978
    ],
    [
      3.220613670145363,
      0.3984945978840367,
      0.5,
      1.8095541340146999,
      0.2582291320841856,
      1.6692886682148484,
      1.2456906447712446
    ],
    [
      0.9246921794599346,
      0.3605789758329523,
      0.5,
      0.6426355776464434,
      0.22299490223900226,
      0.5050515040524934,
      0.45689399464597963
    ],
    [
      0.5,
      0.5,
      0.5,
      0.5,
      0.5,
      0.5,
      0.5
    ],
    [
      -0.5624830063049933,
      0.3931538075822085,
      0.010736305251459318,
      -0.08466459936139237,
      0.20194505641683397,
      -0.275873350526767,
      -0.05286429782377512
    ],
    [
      0.5,
      0.5,
      0.5,
      0.5,
      0.5,
      0.5,
      0.5
    ]
  ],
  "visit_counts": [
    [
      203,
      203,
      0,
      203,
      203,
      203,
      203
    ],
    [
      1013,
      1013,
      0,
      1013,
      1013,
      1013,
      1013
    ],
    [
      18,
      18,
      18,
      18,
      18,
      18,
      18
    ],
    [
      132,
      132,
      132,
      132,
      132,
      132,
      132
    ],
    [
      17,
      17,
      0,
      17,
      17,
      17,
      17
    ],
    [
      52,
      52,
      0,
      52,
      52,
      52,
      52
    ],
    [
      0,
      0,
      0,
      0,
      0,
      0,
      0
    ],
    [
      65,
      65,
      65,
      65,
      65,
      65,
      65
    ],
    [
      0,
      0,
      0,
      0,
      0,
      0,
      0
    ]
  ],
  "reward_stats": {
    "mu_v1": 0.009766639114201859,
    "sigma_v1": 0.8023586650554752,
    "mu_v2": 0.20302577228813187,
    "sigma_v2": 0.02467422664887929,
    "mu_v3": -0.025224977704020417,
    "sigma_v3": 0.054852144850033986,
    "dollar_scale": 0.5,
    "lambda": 0.2
  },
  "calibration": {
    "cal_start": "2026-01-21T00:00:00Z",
    "cal_end": "2026-03-22T00:00:00Z",
    "train_end": "2026-04-21T23:00:00Z",
    "cal_ticks": 180,
    "train_ticks": 91,
    "bootstrap_resamples": 1500,
    "regime_thresholds": {
      "vol_p65": 0.023803032767735193,
      "funding_p90": 8.053300000000001e-05,
      "kimchi_p50": 0.0015997126647797127,
      "usdc_p50": 0.0007948891711674086
    }
  },
  "hyperparams": {
    "alpha": 0.1,
    "q_init": 0.5,
    "ucb_c": 0.5,
    "lambda": 0.2,
    "notional": 500.0
  },
  "f_alloc_6_gate": {
    "pass": true,
    "corner_cells": 7,
    "per_cell_argmax": [
      1,
      1,
      1,
      1,
      0,
      0,
      -1,
      1,
      -1
    ]
  },
  "data_provenance": {
    "funding": {
      "source": "data/funding/*_90d.parquet",
      "synthetic": false,
      "symbols": [
        "ADAUSDT",
        "DOGEUSDT",
        "SOLUSDT",
        "TRXUSDT",
        "XRPUSDT"
      ]
    },
    "v3_pnl": {
      "formula": "funding_rate*500 + basis_change*500*0.5",
      "synthetic": false
    },
    "v1_pnl": {
      "formula": "AR(1) phi=0.4 sigma=0.80 centered at 0",
      "synthetic": true,
      "reason": "no Upbit/Binance kimchi data in repo per F1b"
    },
    "v2_pnl": {
      "formula": "std(premium_1min) * sqrt(n) * 0.025 * 500, per 8h bin; bootstrapped",
      "synthetic": false,
      "bootstrapped": true,
      "pool_size": 91
    },
    "kimchi_premium_feature": {
      "synthetic": true,
      "reason": "F1b lacks Upbit data; AR(1) around 0.003"
    },
    "usdc_spread_feature": {
      "synthetic": true,
      "reason": "F1b lacks dual_quote spread time series; AR(1) around 0.0008"
    },
    "vol_feature": {
      "synthetic": false,
      "formula": "rolling-8 \u03c3 of cross-sectional mean perp_close return",
      "note": "proxy \u2014 design calls for BTC 8h \u03c3 but F1b parquets exclude BTC"
    }
  },
  "elapsed_seconds": 4.43
}